"X","Dgapscore","Dscore","Ngapscore","Nscore"
"2019-01-07",0.937551486593628,0.908918010124453,0.757056880751767,0.91266142974974
"2019-01-08",0.903317330049261,0.952968272306147,0.802309197491262,0.928451355769473
"2019-01-09",0.98535459345916,0.824228541853721,0.813692917707176,0.769157862326869
"2019-01-10",0.835496014909591,0.688478184375271,0.49694751735179,0.622083637877538
"2019-01-11",0.808632473210902,0.679455380979061,0.544741231987551,0.667494297337321
"2019-01-14",0.612519429269098,0.36404431827488,0.155585745370609,0.342382089479789
"2019-01-15",0.685837277595732,0.701233933687822,0.595471587133448,0.719064521661706
"2019-01-16",0.858666957421533,0.577063722291019,0.682604199368616,0.579513183135487
"2019-01-17",0.862615967323321,0.623707389581259,0.430822422095764,0.483386789896466
"2019-01-18",0.814790282196308,0.554219611338614,0.334434612798809,0.430462990405325
"2019-01-21",0.691191207329129,0.514925731405204,0.225378319919109,0.42907575855809
"2019-01-22",0.368541941952397,0.229190343216242,0.0529341095430159,0.0345686221309879
"2019-01-23",0.869298253296425,0.200577394052211,0.468123353345196,0.0157719947215208
"2019-01-24",0.739138354755396,0.0697589440504278,0.350676873446032,0
"2019-01-25",0.860421121736427,0.707126529110841,0.699605070022222,0.724626552477226
"2019-01-28",0.726183695211803,0.349008640401877,0.141170974351977,0.237489922467118
"2019-01-29",0.365148345602206,0.303237539170726,0.20884184840536,0.178289050621588
"2019-01-30",0.990538798499139,0.243788862881323,0.720028240843287,0.0964226553157972
"2019-01-31",0.868625299836927,0.220964018110901,0.476066711449063,0.100094888658841
"2019-02-01",0.758731612687447,0.214705579389815,0.320004840395874,0.0645926972707513
"2019-02-04",0.843437384419849,0.581611013890347,0.535162454973855,0.57043624650062
"2019-02-05",0.477880239614407,0.410494202470478,0.434292866879243,0.403727124238404
"2019-02-06",0.876989739023042,0.537583155664634,0.802150070689874,0.580554831854706
"2019-02-07",0.807530308468529,0.459111876299172,0.633272153555331,0.487747344534277
"2019-02-08",0.908553342240046,0.875806349341443,0.795571242500537,0.895904532300752
"2019-02-11",0.763654127732642,0.530927777405309,0.346862653669587,0.490416766619657
"2019-02-12",0.717056128640766,0.786477201918699,0.623572946199897,0.774236992632837
"2019-02-13",0.947231329641878,0.903223453469074,0.831086303308436,0.902852133797886
"2019-02-14",0.885749448248129,0.82623102500189,0.709228057008807,0.82664403751387
"2019-02-15",0.935168341638265,0.9409219046171,0.791545171684694,0.939334529142162
"2019-02-18",0.812966193547987,0.860520206268848,0.627958017063637,0.85143273193412
"2019-02-19",0.693230292834111,0.822907179946367,0.64040549290561,0.838644080182085
"2019-02-20",0.961528325884491,0.917477145876799,0.884367873535363,0.931750354576583
"2019-02-21",0.931736438026257,0.866562070319184,0.806343609067,0.883655873026067
"2019-02-22",0.954383935608852,0.921204587349142,0.839516153204723,0.937435040331517
"2019-02-25",0.868590556059369,0.793635259579223,0.67110024944026,0.806234969558759
"2019-02-26",0.629688579438859,0.747083002747907,0.615595904573356,0.779407846673972
"2019-02-27",0.922411242058975,0.704358988928813,0.832926480618705,0.732171999709626
"2019-02-28",0.831462599418057,0.623901734614039,0.559778782940122,0.632366979552695
"2019-03-01",0.844086965331021,0.607051290889295,0.76936697396455,0.683014694438657
"2019-03-04",0.923395185479373,0.968419842597162,0.777344093439055,0.964346362854539
"2019-03-05",0.691196245508721,0.794180999566864,0.675571067396556,0.832713424744522
"2019-03-06",0.907898287694702,0.825531141118696,0.876961677979348,0.887247477549819
"2019-03-07",0.88789314506148,0.857019637145923,0.771006055483458,0.890928731277549
"2019-03-08",0.900957870088212,0.858834268657074,0.762632151761026,0.875681130248916
"2019-03-11",0.808534632420208,0.754083905791548,0.624387314608565,0.775060897175966
"2019-03-12",0.791323450818953,0.869760325002938,0.797020982572544,0.908731428529459
"2019-03-13",0.939014080147762,0.898341798976915,0.886406756576808,0.917711887052718
"2019-03-14",0.88498007648513,0.84131075400715,0.770806286893467,0.879384184252809
"2019-03-15",0.828934242392832,0.755165372047944,0.669088647083727,0.794643602308232
"2019-03-18",0.324266753806175,0.306702053470176,0.0559714460211347,0.368248474629424
"2019-03-19",0.561410970959511,0.708614212528923,0.535829802991775,0.781002007916917
"2019-03-20",0.863080985056844,0.796495858627422,0.793758053998142,0.860507846873451
"2019-03-21",0.777496467388095,0.556803942647538,0.600909398701971,0.621667606575597
"2019-03-22",0.892159381475482,0.849027372253447,0.76042517345133,0.881333004357647
"2019-03-25",0.659272616605815,0.529710930733897,0.416883565219283,0.551088870856862
"2019-03-26",0.569465495377865,0.627920280348499,0.553367231092841,0.65469644439288
"2019-03-27",0.888476384063094,0.555857034017633,0.801527200603015,0.6018542021179
"2019-03-28",0.876110483847667,0.799381102699408,0.686640654812521,0.821733811887326
"2019-03-29",0.809056030574241,0.635044984251556,0.585231890082079,0.695610669435995
"2019-04-29",0.898235853628421,0.967950535225086,0.774210394360862,0.971311547019435
"2019-04-30",0.811063660411066,0.94214772298089,0.768981189390295,0.967810575765629
"2019-05-01",0.922845868079129,0.851490061646121,0.808923290878115,0.886206774351506
"2019-05-02",0.916157194138456,0.90620235127832,0.763158180711122,0.923167283373308
"2019-05-03",0.916774710025238,0.846253477710325,0.723831750275663,0.857784808040522
"2019-05-06",0.852417025019221,0.855683170538552,0.684054874219722,0.860300915513288
"2019-05-07",0.692384808679584,0.826494490201909,0.613360308536048,0.850040617892967
"2019-05-08",0.967901459458073,1,0.845678356270573,1
"2019-05-09",0.940873966460687,0.952017781594756,0.767196626583974,0.9463643277728
"2019-05-10",0.957530937755488,0.959130461018842,0.771890457495247,0.947912789384522
"2019-05-13",0.769690768128046,0.842539263180032,0.69017444786316,0.908513390961503
"2019-05-14",0.676024678889817,0.821851061685781,0.679816313055006,0.916592961548424
"2019-05-15",0.822796834929319,0.801852312606401,0.767573255986597,0.920255693328028
"2019-05-16",0.903842412425524,0.852988301784265,0.742758683884565,0.888144801346996
"2019-05-17",0.912271797841172,0.87443177117225,0.717107138803587,0.892407647953814
"2019-05-20",0.679477513787725,0.736648167849662,0.596695849632697,0.83306997572477
"2019-05-21",0.678928748670772,0.81623250818167,0.628723168072307,0.870696892975742
"2019-05-22",0.90759926333629,0.84341063045,0.788256264168851,0.896561023274159
"2019-05-23",0.884229202367757,0.843240821113782,0.790780909965923,0.915818597393235
"2019-05-24",0.90811931061376,0.84546366285629,0.749808035080098,0.891222689837824
"2019-05-27",0.823193860583287,0.866534975363471,0.664668117290937,0.865740760546895
"2019-05-28",0.715156655319441,0.853944913133517,0.65205567975957,0.896654587267811
"2019-05-29",0.87536825874281,0.799444783220003,0.721984615056245,0.860304726029975
"2019-05-30",0.771698016425765,0.732189387354858,0.682219236235308,0.857722106884872
"2019-05-31",0.793695834604972,0.719688523712099,0.682812358963949,0.830769835353187
"2019-06-03",0.735868583623934,0.801634870709139,0.627843732753278,0.862833146368115
"2019-06-04",0.433648202298079,0.570566792650914,0.374882183020817,0.657983569340457
"2019-06-05",0.872031370047501,0.754009981616194,0.702002298090159,0.824263111012697
"2019-06-06",0.866371059592718,0.794261554148871,0.695104180969722,0.855686763784788
"2019-06-07",0.876751187356852,0.785795535430001,0.671659589780623,0.832697086195444
"2019-06-10",0.640260825886611,0.659281911323078,0.426686407209563,0.697107415817726
"2019-06-11",0.684748536782177,0.823778748408751,0.569263036219623,0.836873393201848
"2019-06-12",0.861740044372697,0.80380169685636,0.644043255019209,0.824561148063293
"2019-06-13",0.754785678115333,0.547381596202551,0.416624180152779,0.578558478455632
"2019-06-14",0.854367388665668,0.735999686996883,0.627584405419127,0.774017568884701
"2019-09-23",0.618171040752299,0.69396501702898,0.676447199245713,0.894518098508434
"2019-09-24",0.189959537643302,0.345917004861098,0.438385809098441,0.686956633984549
"2019-09-25",0.994052265909767,0.787442314789049,0.752739612450065,0.812369598199953
"2019-09-26",0.908971080692246,0.909690869743201,0.826985411481998,0.986362265274074
"2019-09-27",0.852160515941241,0.78429907422504,0.688322189858884,0.853758815663601
"2019-09-30",0.333063590246537,0.318806768236711,0.208110200977851,0.492823670744111
"2019-10-01",0.554057958485004,0.685828900758424,0.53722870510269,0.782284579668449
"2019-10-02",0.828413253817927,0.544747791375623,0.70008754099861,0.689480265593308
"2019-10-03",0.817096251930831,0.668863365144571,0.669879498891599,0.784487025721598
"2019-10-04",0.824462527279541,0.719158053450344,0.682152206146311,0.818687749836705
"2019-10-07",0.674297658147763,0.709823817807968,0.607337996573432,0.82598283746395
"2019-10-08",0.670133337257442,0.806641372857223,0.634082509317549,0.873376687383973
"2019-10-09",0.904272415418754,0.858660379025877,0.79378150745194,0.914003991139631
"2019-10-10",0.880945942598872,0.852742868252744,0.774419438619049,0.921564780102397
"2019-10-11",0.903816050383237,0.895216794769449,0.774397991080372,0.941300050008451
"2019-10-14",0.101515073514969,0,0,0.276464776626355
"2019-10-15",0,0.144569734003319,0.0828136478418141,0.386003826747126
"2019-10-16",0.737585488160917,0.481214578082244,0.620884724399306,0.644714947742575
"2019-10-17",0.791681990551194,0.5527494372265,0.708986071889932,0.720875562104186
"2019-10-18",0.654638636760841,0.0982197486692524,0.563432048920463,0.382985689264522
"2019-10-21",0.44457263564814,0.273514756413126,0.469056251273691,0.562529105526439
"2019-10-22",0.443110988703917,0.567799229277997,0.578808092418173,0.766045633346229
"2019-10-23",0.87228242699495,0.661180520296995,0.902206615930528,0.819234196215606
"2019-10-24",0.759868968229541,0.331256239355998,0.778456178930545,0.620173084724264
"2019-10-25",0.785118081728235,0.245860382776946,0.702259091496436,0.517063444809373
"2019-10-28",0.574207170759969,0.569793940745262,0.455719197531941,0.691673133566539
"2019-10-29",0.377345133808943,0.489560900368695,0.493097057284275,0.676046458938733
"2019-10-30",0.92371324538693,0.580489262997152,0.849202225891665,0.716994654804153
"2019-10-31",0.809330806877622,0.590203493389151,0.70896799428107,0.764852714965878
"2019-11-01",0.878400175799698,0.577291860351482,0.896953123413746,0.779040682245726
"2019-11-04",0.763986296007249,0.669556513466044,0.672131992732404,0.80760004185861
"2019-11-05",0.370004635146158,0.412592064992869,0.517609212034463,0.604021950902614
"2019-11-06",0.93601357216071,0.372355102300646,0.9089434476744,0.545202069734443
"2019-11-07",0.903218532078173,0.734219510082843,0.799804534094075,0.829150938853993
"2019-11-08",0.831221889565648,0.388094401322983,0.679973990171245,0.564622201074007
"2019-11-11",0.776312929352532,0.630543908244742,0.687439384779403,0.759551917302629
"2019-11-12",0.364023352045577,0.37832744049328,0.525620023523658,0.562391603146639
"2019-11-13",0.871437141079935,0.163533845855914,0.905171227102575,0.364320004125261
"2019-11-14",0.756807522755218,0.32995057077608,0.658398757834428,0.544173186212751
"2019-11-15",0.561968481908344,0.0659575344205477,0.506991982347183,0.43508788584557
"2019-11-18",0.754797322318446,0.0763006905792945,0.280790548643086,0.198990301259786
"2019-11-19",0.262052824585873,0.294090693296712,0.246050912172353,0.390066625040705
"2019-11-20",0.923466553144767,0.6877850011662,0.840496777956782,0.78347148778407
"2019-11-21",0.775557282763765,0.475197850446479,0.672745892371253,0.662089910691272
"2019-11-22",0.814616386928231,0.440961043173856,0.854152932307139,0.683952685250833
"2019-11-25",0.893894296897398,0.716528965870161,0.786255209789711,0.827992357885362
"2019-11-26",0.710128828035335,0.707878490402685,0.861339285912399,0.844857484670691
"2019-11-27",0.913544932911201,0.6906187054705,0.936254237912566,0.833372295943488
"2019-11-28",0.821589271501124,0.618310222005294,0.793339624133026,0.773038338536119
"2019-11-29",0.874415481348984,0.362766885399685,0.800150198653103,0.499842837837001
"2019-12-02",0.908643358155454,0.702279167478585,0.686334626255375,0.7524320226675
"2019-12-03",0.606892330860183,0.632841659110854,0.672703711456211,0.740416681879902
"2019-12-04",0.975922649171377,0.755729168611276,1,0.851548654546066
"2019-12-05",0.941570508408041,0.824459894745053,0.91968730379168,0.908820032411234
"2019-12-06",0.918443628883579,0.650541753777411,0.94952394360052,0.802788450895785
"2019-12-09",0.990741807328893,0.468973071981411,0.695590135083055,0.549256165288667
"2019-12-10",0.879112644631254,0.895932455868443,0.88073865438102,0.915152469129942
"2019-12-11",1,0.770280888453847,0.96007471031208,0.82527248698262
"2019-12-12",0.953460845525239,0.603585803001511,0.832019860888389,0.665903220392153
"2019-12-13",0.941740190038133,0.618736553790575,0.894848969491635,0.74984582535408
